{
  "puzzle_type": "5-character",
  "condition_stats": {
    "control": {
      "n": 90,
      "accuracy_mean": 0.044444444444444446,
      "accuracy_std": 0.20723493215097805,
      "confidence_mean": null,
      "confidence_std": null
    },
    "single-shot": {
      "n": 90,
      "accuracy_mean": 0.07777777777777778,
      "accuracy_std": 0.26932198589215456,
      "confidence_mean": 8.908888888888889,
      "confidence_std": 0.66529446795283
    },
    "confidence-pre": {
      "n": 90,
      "accuracy_mean": 0.1,
      "accuracy_std": 0.30168068541929594,
      "confidence_mean": 9.163333333333334,
      "confidence_std": 0.5180885352303007
    },
    "confidence-post": {
      "n": 90,
      "accuracy_mean": 0.1,
      "accuracy_std": 0.30168068541929594,
      "confidence_mean": 8.64,
      "confidence_std": 1.2183798415117706
    }
  },
  "test_results": {
    "kruskal_wallis": {
      "statistic": 2.50578185227633,
      "p_value": 0.4742470793338972
    },
    "mann_whitney": {
      "single-shot_vs_control": {
        "statistic": 4185.0,
        "p_value": 0.35368619582208793
      },
      "confidence-pre_vs_control": {
        "statistic": 4275.0,
        "p_value": 0.15199530256038937
      },
      "confidence-post_vs_control": {
        "statistic": 4275.0,
        "p_value": 0.15199530256038937
      }
    },
    "chi_square": {
      "statistic": 2.51276174601521,
      "p_value": 0.4729891643467411,
      "dof": 3,
      "contingency_table": [
        [
          4,
          86
        ],
        [
          7,
          83
        ],
        [
          9,
          81
        ],
        [
          9,
          81
        ]
      ]
    }
  },
  "effect_sizes": {
    "single-shot": 0.13872001745690216,
    "confidence-pre": 0.2146638379465499,
    "confidence-post": 0.2146638379465499
  },
  "best_condition": "confidence-pre",
  "significant_differences": false
}