{
  "puzzle_type": "4-character",
  "condition_stats": {
    "control": {
      "n": 90,
      "accuracy_mean": 0.16666666666666666,
      "accuracy_std": 0.37476584449793077,
      "confidence_mean": null,
      "confidence_std": null
    },
    "single-shot": {
      "n": 90,
      "accuracy_mean": 0.2111111111111111,
      "accuracy_std": 0.4103833353069151,
      "confidence_mean": 9.163333333333334,
      "confidence_std": 0.5380885854974965
    },
    "confidence-pre": {
      "n": 90,
      "accuracy_mean": 0.26666666666666666,
      "accuracy_std": 0.4446940622369092,
      "confidence_mean": 9.255555555555556,
      "confidence_std": 0.4386165972131145
    },
    "confidence-post": {
      "n": 90,
      "accuracy_mean": 0.25555555555555554,
      "accuracy_std": 0.4386165972131145,
      "confidence_mean": 9.05888888888889,
      "confidence_std": 0.7794977415545468
    }
  },
  "test_results": {
    "kruskal_wallis": {
      "statistic": 3.2247887074648554,
      "p_value": 0.35824857850679026
    },
    "mann_whitney": {
      "single-shot_vs_control": {
        "statistic": 4230.0,
        "p_value": 0.4487713291335398
      },
      "confidence-pre_vs_control": {
        "statistic": 4455.0,
        "p_value": 0.10485148008518763
      },
      "confidence-post_vs_control": {
        "statistic": 4410.0,
        "p_value": 0.14565633927167357
      }
    },
    "chi_square": {
      "statistic": 3.2337714058144167,
      "p_value": 0.3569673087173231,
      "dof": 3,
      "contingency_table": [
        [
          15,
          75
        ],
        [
          19,
          71
        ],
        [
          24,
          66
        ],
        [
          23,
          67
        ]
      ]
    }
  },
  "effect_sizes": {
    "single-shot": 0.11309642841320833,
    "confidence-pre": 0.24317938363394356,
    "confidence-post": 0.2178957005099959
  },
  "best_condition": "confidence-pre",
  "significant_differences": false
}