{
  "puzzle_type": "4-character",
  "condition_stats": {
    "control": {
      "n": 80,
      "accuracy_mean": 0.225,
      "accuracy_std": 0.4202169421632268,
      "confidence_mean": null,
      "confidence_std": null
    },
    "single-shot": {
      "n": 90,
      "accuracy_mean": 0.2222222222222222,
      "accuracy_std": 0.41806880186893863,
      "confidence_mean": 8.537777777777778,
      "confidence_std": 0.6519767311243482
    },
    "confidence-pre": {
      "n": 90,
      "accuracy_mean": 0.2222222222222222,
      "accuracy_std": 0.41806880186893863,
      "confidence_mean": 9.433333333333334,
      "confidence_std": 0.28678771070468834
    },
    "confidence-post": {
      "n": 89,
      "accuracy_mean": 0.21348314606741572,
      "accuracy_std": 0.4120875379300647,
      "confidence_mean": 6.019101123595506,
      "confidence_std": 2.689536813979077
    }
  },
  "test_results": {
    "kruskal_wallis": {
      "statistic": 0.03786666351943726,
      "p_value": 0.9980623464723075
    },
    "mann_whitney": {
      "single-shot_vs_control": {
        "statistic": 3590.0,
        "p_value": 0.9672154111482941
      },
      "confidence-pre_vs_control": {
        "statistic": 3590.0,
        "p_value": 0.9672154111482941
      },
      "confidence-post_vs_control": {
        "statistic": 3519.0,
        "p_value": 0.8586934134015103
      }
    },
    "chi_square": {
      "statistic": 0.03797547577083249,
      "p_value": 0.9980540519065231,
      "dof": 3,
      "contingency_table": [
        [
          18,
          62
        ],
        [
          20,
          70
        ],
        [
          20,
          70
        ],
        [
          19,
          70
        ]
      ]
    }
  },
  "effect_sizes": {
    "single-shot": -0.006628270778573459,
    "confidence-pre": -0.006628270778573459,
    "confidence-post": -0.02768787407849175
  },
  "calibration_results": {
    "single-shot": {
      "correlation": 0.1667205028904514,
      "correlation_p_value": 0.11628623719570812,
      "brier_score": 0.5669177777777777,
      "expected_calibration_error": 0.6315555555555555,
      "calibration_bias": 0.6315555555555556,
      "mean_confidence": 0.8537777777777779,
      "mean_accuracy": 0.2222222222222222,
      "n_samples": 90,
      "bin_data": [
        [
          0.7516666666666667,
          0.16666666666666666,
          18
        ],
        [
          0.8509803921568627,
          0.17647058823529413,
          51
        ],
        [
          0.9480952380952381,
          0.38095238095238093,
          21
        ]
      ]
    },
    "confidence-pre": {
      "correlation": -0.024990240093323086,
      "correlation_p_value": 0.8151396723503379,
      "brier_score": 0.6942466666666667,
      "expected_calibration_error": 0.721111111111111,
      "calibration_bias": 0.7211111111111111,
      "mean_confidence": 0.9433333333333334,
      "mean_accuracy": 0.2222222222222222,
      "n_samples": 90,
      "bin_data": [
        [
          0.8699999999999999,
          0.3,
          10
        ],
        [
          0.9525,
          0.2125,
          80
        ]
      ]
    },
    "confidence-post": {
      "correlation": 0.38076593801265946,
      "correlation_p_value": 0.00023228492392930887,
      "brier_score": 0.30685280898876405,
      "expected_calibration_error": 0.38842696629213486,
      "calibration_bias": 0.3884269662921349,
      "mean_confidence": 0.6019101123595506,
      "mean_accuracy": 0.21348314606741572,
      "n_samples": 89,
      "bin_data": [
        [
          0.20588235294117646,
          0.058823529411764705,
          17
        ],
        [
          0.3,
          0.0,
          11
        ],
        [
          0.44000000000000006,
          0.0,
          5
        ],
        [
          0.65,
          0.3333333333333333,
          6
        ],
        [
          0.7461538461538462,
          0.23076923076923078,
          26
        ],
        [
          0.8480000000000001,
          0.2,
          15
        ],
        [
          0.95,
          0.7777777777777778,
          9
        ]
      ]
    }
  },
  "best_condition": "control",
  "significant_differences": false
}