{
  "puzzle_type": "4-character",
  "condition_stats": {
    "control": {
      "n": 74,
      "accuracy_mean": 0.20270270270270271,
      "accuracy_std": 0.4047569786593151,
      "confidence_mean": null,
      "confidence_std": null
    },
    "single-shot": {
      "n": 90,
      "accuracy_mean": 0.2111111111111111,
      "accuracy_std": 0.4103833353069151,
      "confidence_mean": 9.163333333333334,
      "confidence_std": 0.5380885854974965
    },
    "confidence-pre": {
      "n": 90,
      "accuracy_mean": 0.26666666666666666,
      "accuracy_std": 0.4446940622369092,
      "confidence_mean": 9.255555555555556,
      "confidence_std": 0.4386165972131145
    },
    "confidence-post": {
      "n": 90,
      "accuracy_mean": 0.25555555555555554,
      "accuracy_std": 0.4386165972131145,
      "confidence_mean": 9.05888888888889,
      "confidence_std": 0.7794977415545468
    }
  },
  "test_results": {
    "kruskal_wallis": {
      "statistic": 1.4221019216652842,
      "p_value": 0.7003621943314784
    },
    "mann_whitney": {
      "single-shot_vs_control": {
        "statistic": 3358.0,
        "p_value": 0.8970237086184601
      },
      "confidence-pre_vs_control": {
        "statistic": 3543.0,
        "p_value": 0.3409620638793406
      },
      "confidence-post_vs_control": {
        "statistic": 3506.0,
        "p_value": 0.42744421561144275
      }
    },
    "chi_square": {
      "statistic": 1.4262479914078285,
      "p_value": 0.6993937545765139,
      "dof": 3,
      "contingency_table": [
        [
          15,
          59
        ],
        [
          19,
          71
        ],
        [
          24,
          66
        ],
        [
          23,
          67
        ]
      ]
    }
  },
  "effect_sizes": {
    "single-shot": 0.0206160390796913,
    "confidence-pre": 0.14974234609711862,
    "confidence-post": 0.1247429996988203
  },
  "calibration_results": {
    "single-shot": {
      "correlation": 0.03544798298159796,
      "correlation_p_value": 0.7401214189209431,
      "brier_score": 0.6651966666666667,
      "expected_calibration_error": 0.7052222222222222,
      "calibration_bias": 0.7052222222222223,
      "mean_confidence": 0.9163333333333334,
      "mean_accuracy": 0.2111111111111111,
      "n_samples": 90,
      "bin_data": [
        [
          0.75,
          0.0,
          3
        ],
        [
          0.85,
          0.22727272727272727,
          22
        ],
        [
          0.9464615384615385,
          0.2153846153846154,
          65
        ]
      ]
    },
    "confidence-pre": {
      "correlation": -0.036483454008312016,
      "correlation_p_value": 0.7328115066007362,
      "brier_score": 0.633,
      "expected_calibration_error": 0.6588888888888889,
      "calibration_bias": 0.6588888888888891,
      "mean_confidence": 0.9255555555555557,
      "mean_accuracy": 0.26666666666666666,
      "n_samples": 90,
      "bin_data": [
        [
          0.85,
          0.2727272727272727,
          22
        ],
        [
          0.95,
          0.2647058823529412,
          68
        ]
      ]
    },
    "confidence-post": {
      "correlation": 0.11980468227865222,
      "correlation_p_value": 0.2607008804503227,
      "brier_score": 0.6110877777777778,
      "expected_calibration_error": 0.6503333333333333,
      "calibration_bias": 0.6503333333333334,
      "mean_confidence": 0.905888888888889,
      "mean_accuracy": 0.25555555555555554,
      "n_samples": 90,
      "bin_data": [
        [
          0.45,
          0.0,
          1
        ],
        [
          0.75,
          0.0,
          5
        ],
        [
          0.85,
          0.2692307692307692,
          26
        ],
        [
          0.9522413793103448,
          0.27586206896551724,
          58
        ]
      ]
    }
  },
  "best_condition": "confidence-pre",
  "significant_differences": false
}